nombre,email,contrasena
Andres Cardenas,andres@micrreo.com,andres
Rodrigo Salazar,rodri@micrreo.com,rodri
Alay Lopez,alay@micrreo.com,alay
Julian Tobon,juli@micrreo.com,juli
Juliana Salgado,juliana@micrreo.com,juliana
Jhonatan Jimenez,jhonatan@micrreo.com,jhonatan
Daniel Rios,dani@micrreo.com,dani
Juan Pablo,Juanpa@micrreo.com,Juanpa

